{
  "center": [
    209.0,
    -57.0
  ],
  "NSIDE": 256,
  "cold_spot_peak_depth_uK": -190.68,
  "gaussian_fit": {
    "A_uK": 169.0,
    "sigma_deg": 3.749999999999994,
    "sigma_err_deg": 0.2450000000000001
  },
  "radial_profile_uK": {
    "r_0.2": -190.68,
    "r_0.8": -145.18,
    "r_1.2": -157.07,
    "r_1.8": -146.95,
    "r_2.2": -130.71,
    "r_2.8": -124.82,
    "r_3.2": -139.07,
    "r_3.8": -126.83,
    "r_4.2": -84.71,
    "r_4.8": -54.62,
    "r_5.2": -52.6,
    "r_5.8": -33.69,
    "r_6.2": -32.39,
    "r_6.8": -33.83,
    "r_7.2": -18.37,
    "r_7.8": -24.82,
    "r_8.2": -16.9,
    "r_8.8": -29.7,
    "r_9.2": -14.49,
    "r_9.8": -1.76
  },
  "CG_prediction_match": "σ_predicted=3-5°, σ_observed=3.75°",
  "next_step": "P2 verify: 同区域 polarisation + cross-correlation with matter voids"
}